name,lat,lng,id,system
23 Quarter,31.251106,35.074755,gtfs/42070,Bus Stop
270 Street/259 Street,32.816593,35.163137,gtfs/5545,Bus Stop
450 Street,32.799075,35.161866,gtfs/39012,Bus Stop
6 Street/1 Street,32.938008,35.316967,gtfs/6514,Bus Stop
A-Sahl Aljadid/Al-Hardub,31.780770,35.250776,gtfs/9229,Bus Stop
A-Zaytuna/Al-Akaba,31.838348,35.219602,gtfs/9237,Bus Stop
Aba Hilel Silver/Pesah Lev,31.966395,34.900239,gtfs/22070,Bus Stop
Aba Shaul/Admore Viznitz,31.695392,35.098752,gtfs/43957,Bus Stop
Abba Ahimeir/David Wolfson,31.768187,34.631662,gtfs/26022,Bus Stop
Abba Hushi/Denya,32.769872,35.006868,gtfs/2071,Bus Stop
Abd Alhamid Shuman / Umm Kulthum,31.829433,35.224337,gtfs/49168,Bus Stop
Abd al-Karim Qasim/Al-Halil,32.118341,34.967410,gtfs/16884,Bus Stop
Abu Baker Mosque/Al-Quds,32.420558,35.043420,gtfs/36080,Bus Stop
Abu Rami,32.936903,35.364022,gtfs/18258,Bus Stop
Abu Saway,31.771851,35.245752,gtfs/11306,Bus Stop
Achziv/Muller,33.040628,35.106329,gtfs/17689,Bus Stop
Acre South Junction,32.916556,35.081515,gtfs/20713,Bus Stop
Adne Paz/HaDuda'im,32.431590,34.886399,gtfs/43019,Bus Stop
Adorayim/Ramot David,31.616116,34.754342,gtfs/27177,Bus Stop
Afula Ilite Terminal,32.637665,35.337521,gtfs/46693,Bus Stop
Afula Illit Intersection,32.629604,35.326367,gtfs/4791,Bus Stop
Agan HaAyalot,31.869827,35.144016,gtfs/35613,Bus Stop
Agavot,31.254132,35.110345,gtfs/26777,Bus Stop
Aharonovich/HaTsiyonut,32.007120,34.768546,gtfs/21398,Bus Stop
Ahavat Adam,32.314273,34.951383,gtfs/42798,Bus Stop
Ahim Junction,31.746814,34.769954,gtfs/25880,Bus Stop
Ahmed Shawqi Square,31.374903,34.739109,gtfs/37082,Bus Stop
Ahuza/HaMelakhim,32.183229,34.861866,gtfs/24252,Bus Stop
Ahuza/Jabotinsky,32.180413,34.874610,gtfs/24424,Bus Stop
Ain Rafa A,31.791649,35.116731,gtfs/11197,Bus Stop
Akko Mall/Ben Ami,32.921184,35.092646,gtfs/6722,Bus Stop
Al Jabel/School A,32.936850,35.272504,gtfs/17947,Bus Stop
Al Maktab School/Ibrahim Nimr Hussein,32.808408,35.169137,gtfs/19553,Bus Stop
Al Mualka,32.504780,35.124407,gtfs/48984,Bus Stop
Al Naque/Haim Pinto,31.076990,35.041055,gtfs/28866,Bus Stop
Al- Atauna tribe,31.298908,34.912957,gtfs/28229,Bus Stop
Al-Bayan School,31.397747,34.746050,gtfs/28384,Bus Stop
Al-Dhahar/Al-Bukhari,32.534693,35.158628,gtfs/48869,Bus Stop
Al-Hazzan/Al-Aqsa,31.382266,34.751145,gtfs/48721,Bus Stop
Al-Jalame,32.825591,35.190169,gtfs/19854,Bus Stop
Al-Marj Al-Akhdar,32.981443,35.104648,gtfs/48250,Bus Stop
Al-Quds 6,32.714555,35.257600,gtfs/40613,Bus Stop
Al-Quds/Al Makrizi,32.412093,35.047072,gtfs/1624,Bus Stop
Alan Turing/Arye Shenkar,32.156880,34.806420,gtfs/45034,Bus Stop
Alaraq Het,32.496052,35.047877,gtfs/38470,Bus Stop
Albir A,32.515089,35.052677,gtfs/38484,Bus Stop
Ali Bin Avi Taleb,32.510010,35.135987,gtfs/41122,Bus Stop
Allon/Y.Yarkoni,32.087361,34.977545,gtfs/41753,Bus Stop
Almog Center/HaTsiyonut Road,32.106948,35.191788,gtfs/34546,Bus Stop
Alon Junction,32.448997,34.960741,gtfs/1397,Bus Stop
Alonim Junction,32.708841,35.143442,gtfs/17888,Bus Stop
Alonim School/HaBanim,32.475707,34.975603,gtfs/1456,Bus Stop
Alquds Square,32.855454,35.191989,gtfs/19314,Bus Stop
Alquds/Bank Hapoalim,32.856303,35.180637,gtfs/18814,Bus Stop
Alruways/Alzraa'ia,32.864282,35.185790,gtfs/38920,Bus Stop
Alsalam/Altakoa,31.299660,34.949607,gtfs/28705,Bus Stop
Aluf Sade/Korazin,32.058559,34.815310,gtfs/13263,Bus Stop
Alufe Tsahal/David Elazar,32.010316,34.786046,gtfs/22059,Bus Stop
Alyrmok School,31.242033,35.066297,gtfs/42067,Bus Stop
Amal A,32.106728,34.967535,gtfs/16614,Bus Stop
American City Commercial Center/HaYam Road,31.895056,34.795013,gtfs/16068,Bus Stop
Amirim Center/Ben Gurion,32.153179,34.842138,gtfs/29439,Bus Stop
Anatot Road,31.816129,35.267794,gtfs/38698,Bus Stop
Ancor/Nahli'eli,32.462921,34.950599,gtfs/1298,Bus Stop
Anielewicz/HaHaluts,31.986419,34.789584,gtfs/23003,Bus Stop
Anne Frank/Tishre,31.671933,34.585280,gtfs/25971,Bus Stop
Ar-Razi Middle School,32.521236,35.142944,gtfs/44964,Bus Stop
Arad Industrial Zone,31.249049,35.195233,gtfs/26784,Bus Stop
Arad Park,31.254804,35.160250,gtfs/26781,Bus Stop
Ariel Sharon,31.438581,34.573444,gtfs/48049,Bus Stop
Ariel Sharon/Derech HaYam,31.692024,34.595419,gtfs/49738,Bus Stop
Arik Sharon Blvd,31.741826,34.742994,gtfs/42496,Bus Stop
Ashdod Port Junction,31.827606,34.670755,gtfs/15990,Bus Stop
Atarot Street,31.850479,35.218110,gtfs/11346,Bus Stop
Atzmon/Shomron,32.706863,35.320792,gtfs/4506,Bus Stop
Avigdor Junction,31.712913,34.735210,gtfs/26851,Bus Stop
Aviv/Nahal Harod,32.906609,35.266990,gtfs/49708,Bus Stop
Avne Hoshen/Tkhelet,31.903099,34.993016,gtfs/23042,Bus Stop
Ayn 'Afiya/I'billin,32.812484,35.186968,gtfs/49601,Bus Stop
Azrieli Mall Hod HaSharon/Ramatayim Road,32.143030,34.894369,gtfs/16650,Bus Stop
BIG Nahariya,32.973202,35.094640,gtfs/7191,Bus Stop
Baba Sali/Nadvorna,31.693438,35.111245,gtfs/7372,Bus Stop
Bar Kochva Beach/Yefe Nof,31.683140,34.560603,gtfs/27385,Bus Stop
Bar Lev Road/Moshe Dayan Road,32.046689,34.799899,gtfs/13138,Bus Stop
Barazani/Ben Yosef,31.744430,35.239330,gtfs/9848,Bus Stop
Bareket/Begin Blvd,32.309500,34.937495,gtfs/42813,Bus Stop
Barukh Junction,32.661444,35.237104,gtfs/4891,Bus Stop
Batsra Interchange,32.208595,34.884020,gtfs/16413,Bus Stop
Baz,32.899733,35.290258,gtfs/6109,Bus Stop
Be'er Alsmaa/Sana'a,32.404126,35.036439,gtfs/36019,Bus Stop
Bedouin Quarter 1,33.006109,35.260397,gtfs/5793,Bus Stop
Begin Blvd/Ole HaGardom,32.318902,34.936421,gtfs/15034,Bus Stop
Begin Boulevard/Yerushalayim HaBira,32.489341,35.502299,gtfs/19561,Bus Stop
Beit Dagan/Trumpeldor,32.005543,34.831520,gtfs/21798,Bus Stop
Ben Ami/Kehilat Tsfat,32.305200,34.842963,gtfs/230,Bus Stop
Ben Gurion Boulevard/Igael Hurvitz,31.730509,34.736421,gtfs/12326,Bus Stop
Ben Gurion Boulevard/Pines,31.805250,34.778620,gtfs/38375,Bus Stop
Ben Gurion Road/Golomb,32.068832,34.817162,gtfs/43748,Bus Stop
Ben Gurion/Ha'Atsma'ut,32.164388,34.842482,gtfs/52050,Bus Stop
Ben Gurion/Herzl,32.079852,34.819740,gtfs/13270,Bus Stop
Ben Gurion/Ne'ot Ashkelon,31.661310,34.576455,gtfs/25840,Bus Stop
Ben Tsvi Blvd/HaYahaloman Avraham,32.310926,34.855105,gtfs/303,Bus Stop
Ben Tsvi Boulevard/Agam Kineret Boulevard,32.291134,34.853662,gtfs/35170,Bus Stop
Ben Tsvi/Nahum,32.301071,34.854280,gtfs/283,Bus Stop
Ben Zakai/Ben Gamla,31.759293,35.210953,gtfs/9385,Bus Stop
Berekhya Junction,31.665272,34.606541,gtfs/25698,Bus Stop
Bet Alfa,32.834214,35.057468,gtfs/2200,Bus Stop
Bet Biram/Abba Hushi,32.778475,34.998081,gtfs/2055,Bus Stop
Bet Dagan Junction,32.002455,34.820515,gtfs/21595,Bus Stop
Bet Ela'azari Camp,31.846465,34.792686,gtfs/16100,Bus Stop
Bet Hilel/Mivtza Kachol veChum,32.770522,35.520458,gtfs/51543,Bus Stop
Bet Hillel Blvd/City Exit,31.936611,35.037296,gtfs/7559,Bus Stop
Bet Horon Interchange,31.874438,35.130145,gtfs/8468,Bus Stop
Bet Shamay Blvd/Bet Hilel Blvd,31.934442,35.050766,gtfs/8064,Bus Stop
Bet She'arim Junction/Neve Ya'ar,32.703718,35.181847,gtfs/21298,Bus Stop
Bet Ya'akov School/Menachem Begin Road,32.070167,34.913654,gtfs/16377,Bus Stop
Bezalel/HaBanaim,31.312917,34.628980,gtfs/44563,Bus Stop
Big Center,32.785096,35.497599,gtfs/6377,Bus Stop
Big Center/HaMeshek,31.243169,34.813276,gtfs/48463,Bus Stop
Bilu Camp,31.880468,34.828453,gtfs/16348,Bus Stop
Bilu Junction,31.872097,34.819403,gtfs/15428,Bus Stop
Bne Brit Blvd/HaNehoshet,31.810496,34.664834,gtfs/25550,Bus Stop
Bne Tsiyon Junction,32.219892,34.883338,gtfs/22239,Bus Stop
Boulevard Abba Hushi/Halat Abid,32.706300,35.065418,gtfs/17093,Bus Stop
Camp 21 Junction,32.321476,34.924121,gtfs/14960,Bus Stop
Carmei Gat/Dropoff,31.638200,34.772212,gtfs/49591,Bus Stop
Cemetery,32.687106,35.233980,gtfs/4214,Bus Stop
Cemetery,31.059055,35.031042,gtfs/29066,Bus Stop
Cemetery/Balfour,32.997342,35.088292,gtfs/17535,Bus Stop
Cemetery/HaHaroshet,32.925622,35.324786,gtfs/18193,Bus Stop
Cemetery/Hadas Gate,32.800711,34.967428,gtfs/17444,Bus Stop
Chaim Herzog,32.671030,35.232148,gtfs/47232,Bus Stop
Cinema City/Road 2,32.147632,34.803351,gtfs/14325,Bus Stop
Commercial Center,32.698631,35.056154,gtfs/2600,Bus Stop
Commercial Center,32.728570,35.053891,gtfs/17107,Bus Stop
Commercial Center,32.221494,34.829467,gtfs/15220,Bus Stop
Compound 4 East,31.376636,34.759470,gtfs/40476,Bus Stop
Connecticut Blvd/Dukhifat,32.617717,35.330371,gtfs/5028,Bus Stop
Country Club/David Tuviyahu BLVD,31.256273,34.759125,gtfs/27814,Bus Stop
Dado Center/Yizrael,32.692988,35.317798,gtfs/4633,Bus Stop
Dafna/Gdilan,29.540111,34.938221,gtfs/42119,Bus Stop
Dalia Bypass Intersection,32.687855,35.064731,gtfs/17054,Bus Stop
Dalyat El Carmel Center,32.693534,35.046956,gtfs/2753,Bus Stop
Damon Junction,32.734311,35.040129,gtfs/2602,Bus Stop
Darchei Raphael/Rabbi Gershonowitz,31.426759,34.587264,gtfs/27236,Bus Stop
David Ben Gurion BLVD/Ya'akov Gershfeld,31.252951,34.814632,gtfs/26848,Bus Stop
David Elazar/Ben Gurion,31.892394,34.774133,gtfs/34018,Bus Stop
David HaMelech,32.184038,34.947931,gtfs/51499,Bus Stop
David HaMelekh Boulevard/Gelfenstein,32.500749,34.921172,gtfs/1176,Bus Stop
David HaMelekh/Oved Ben Ami Boulevard,31.779695,34.644607,gtfs/25585,Bus Stop
David HaMelekh/Shlomo HaMelekh,31.299049,34.632291,gtfs/27301,Bus Stop
David Tuviyahu BLVD/Derech Metsada,31.252417,34.769507,gtfs/27822,Bus Stop
De Shalit Square,32.179018,34.805034,gtfs/14304,Bus Stop
Derech Joe Yosef Alon/Shim'on Agranat,31.241097,34.761360,gtfs/27553,Bus Stop
Derekh Erets/Tse'elon,32.460480,35.048591,gtfs/42923,Bus Stop
Derekh Lamerhav/Hashmona'im,32.471815,34.959358,gtfs/1391,Bus Stop
Dganya Road/HaRav Yehuda Unterman,32.310540,34.875589,gtfs/509,Bus Stop
Dganya Road/Liber Ze'ev,32.299918,34.873394,gtfs/431,Bus Stop
Disengoff Center/Ben Zion Boulevard,32.073756,34.775586,gtfs/13582,Bus Stop
Dori Camp,32.036176,34.846012,gtfs/25138,Bus Stop
Dov Yosef/Shabtai HaNegbi,31.739309,35.195288,gtfs/11738,Bus Stop
Dror Interchange to North,32.256516,34.893387,gtfs/37110,Bus Stop
Druck/Kehilot Ya'akov,31.813029,35.219342,gtfs/8693,Bus Stop
Dvira Junction,31.422247,34.784296,gtfs/27901,Bus Stop
Early Age Center/HaRav Gordon,31.804551,35.104361,gtfs/11188,Bus Stop
Eastern Square,32.716001,35.073203,gtfs/17097,Bus Stop
Education Center,32.511186,35.064313,gtfs/38534,Bus Stop
Eged Terminal/Peretz Center Mall,31.060742,35.019583,gtfs/12757,Bus Stop
Ehud Manor/Natan Yonatan,32.277791,34.838141,gtfs/42532,Bus Stop
Eilat Campus/HaMalcha,29.566546,34.951845,gtfs/29134,Bus Stop
Eilat Central Bus Station,29.557507,34.953360,gtfs/49812,Bus Stop
Eilat Entrance Parking,29.571310,34.962341,gtfs/50069,Bus Stop
Ein Alshaara/Shreife,32.519858,35.165532,gtfs/35868,Bus Stop
El Medina/Ibn Zaydun,32.525211,35.154627,gtfs/4113,Bus Stop
El-Al Junction,31.990742,34.907208,gtfs/24856,Bus Stop
Elnur/Al Qahira,31.306905,34.925403,gtfs/28775,Bus Stop
Emanuel Zisman,31.719110,35.230531,gtfs/43151,Bus Stop
Emek HaCarmel,32.774524,35.043311,gtfs/48900,Bus Stop
Emek Hefer/Yitzhak Shamir,31.905040,34.979940,gtfs/49735,Bus Stop
Emek Yezre'el College,32.652404,35.291738,gtfs/4678,Bus Stop
Emek Yezre'el/Zin Creek,31.895698,35.016297,gtfs/22167,Bus Stop
Emunim Intersection,31.752650,34.662094,gtfs/25690,Bus Stop
En HaKore Junction,31.956807,34.786252,gtfs/34109,Bus Stop
En HaMifrats Intersection,32.900782,35.091472,gtfs/6998,Bus Stop
Eshkholot Junction,31.724006,34.635428,gtfs/25693,Bus Stop
Esther HaMalka/Atidim,32.197303,34.875598,gtfs/954,Bus Stop
Etan Junction,31.572821,34.758707,gtfs/26604,Bus Stop
Fire Fighting School/Rechavam Ze'evi,31.992489,34.746673,gtfs/22357,Bus Stop
Football Field/Al-Basatin,31.797073,35.254284,gtfs/8882,Bus Stop
Fourtek,32.781757,35.033709,gtfs/48906,Bus Stop
Frank/Aharon Shemii,31.698927,35.004433,gtfs/49756,Bus Stop
Gan Yavne Intersection,31.783772,34.672409,gtfs/16147,Bus Stop
Ganim Beach,32.776059,35.545393,gtfs/5672,Bus Stop
Ganot Interchange/Road 4,32.022045,34.824120,gtfs/21588,Bus Stop
Garage,32.918689,35.247366,gtfs/18835,Bus Stop
Gedera Interchange to South,31.802698,34.764107,gtfs/16105,Bus Stop
Gilo Terminus/HaMargalit,31.739311,35.181218,gtfs/10068,Bus Stop
Ginegar Intersection,32.661072,35.258290,gtfs/4734,Bus Stop
Giv'at HaHagana,32.743670,35.034493,gtfs/1749,Bus Stop
Giv'at Na'e,32.458415,34.964968,gtfs/1412,Bus Stop
Giv'at Sha'ul/Akiva Azulai,31.793166,35.188768,gtfs/10084,Bus Stop
Giv'at Shmu'el Interchange/Road 4,32.074823,34.843553,gtfs/13274,Bus Stop
Giv'at Ze'ev Junction,31.863243,35.172735,gtfs/8467,Bus Stop
Giv'at-HaTamar,31.679172,35.163283,gtfs/8248,Bus Stop
Giv'on Hayeshana/436,31.849701,35.171846,gtfs/8466,Bus Stop
Givat HaShlosha Junction East/483 highway,32.101399,34.920583,gtfs/16007,Bus Stop
Glilot Junction – Military Base,32.143364,34.816839,gtfs/14161,Bus Stop
Golani Brigade/Golda Meir,32.492678,35.491753,gtfs/50827,Bus Stop
Golda Meir Blvd/Arthur Ruppin,31.263886,34.767570,gtfs/26489,Bus Stop
Golda Meir Boulevard/Yitshak Mirsky,31.822289,35.189471,gtfs/10792,Bus Stop
Gordon/Bavel,32.938065,35.093376,gtfs/19706,Bus Stop
Gvat Intersection,32.678006,35.211612,gtfs/18791,Bus Stop
HMO/Nesiei Israel,32.909239,35.297249,gtfs/20843,Bus Stop
Ha'Atsma'ut Road/David Ben Ga'on,33.025082,35.103653,gtfs/17653,Bus Stop
Ha'Atsma'ut/Weizmann,32.074819,34.872474,gtfs/16266,Bus Stop
Ha'Atsma'ut/Yerushalayim,32.027631,34.861910,gtfs/15619,Bus Stop
Ha'Atsma'ut/Yerushalayim Blvd,32.102837,35.178064,gtfs/34465,Bus Stop
Ha'Avot/HaNassi Weizmann,32.779549,35.510238,gtfs/5696,Bus Stop
Ha'Oman/HaSadna,31.748705,35.211292,gtfs/10457,Bus Stop
Ha'Omer/Ma'ale Carmel,31.682866,35.173891,gtfs/42761,Bus Stop
HaAgam 1 Lookout,32.958857,35.516063,gtfs/6096,Bus Stop
HaAmakim Fork/Jalama,32.723751,35.099955,gtfs/2394,Bus Stop
HaAmoraim Boulevard/Rav Hanina,31.703442,34.964960,gtfs/51387,Bus Stop
HaArim HaTe'omot Boulevard/Professor Shimshon Amitzur,31.281531,34.799129,gtfs/28952,Bus Stop
HaBanim Boulevard/Nof Ha'Emek,32.673550,35.251242,gtfs/4780,Bus Stop
HaBanim/Ha'Irus,32.155845,34.881041,gtfs/24555,Bus Stop
HaBankim Junction/Hevron Road,31.754138,35.220739,gtfs/8939,Bus Stop
HaBayit Ha'Adom,31.795130,35.170412,gtfs/11242,Bus Stop
HaBosem/Ba'ale HaMel'akha,31.819572,34.662330,gtfs/26369,Bus Stop
HaCarmel/HaArbel,32.521140,34.918056,gtfs/41536,Bus Stop
HaCongress/HaNegev,32.440953,34.884216,gtfs/2679,Bus Stop
HaDekel/Rashi,31.741733,34.980752,gtfs/10953,Bus Stop
HaDvash/Henrietta Szold,32.145821,34.876589,gtfs/24570,Bus Stop
HaEmek Hospital,32.621325,35.313845,gtfs/4509,Bus Stop
HaGanenet/Bareket,31.729759,35.190702,gtfs/9796,Bus Stop
HaGdud HaShlishi/Bialik,32.974726,35.506374,gtfs/18565,Bus Stop
HaHagana/HaShomer,33.023078,35.288114,gtfs/18054,Bus Stop
HaHistadrut/Hankin,32.017237,34.777356,gtfs/24145,Bus Stop
HaHistadrut/Refineries,32.799716,35.050186,gtfs/3852,Bus Stop
HaHorshot Park/Lavon,32.045706,34.772189,gtfs/49697,Bus Stop
HaKalaniot/Jabotinsky,32.760075,34.966963,gtfs/2826,Bus Stop
HaKfr HaYarok Junction,32.132791,34.832617,gtfs/14354,Bus Stop
HaKidma/Ha'Otsma,32.670053,35.106919,gtfs/6902,Bus Stop
HaKormim/Sha'ar Yeshuv,31.681606,34.586523,gtfs/49760,Bus Stop
HaMa'apilim/Daniel,31.534129,34.592371,gtfs/39560,Bus Stop
HaMa'apilim/Dov Hoz,32.024706,34.765541,gtfs/24072,Bus Stop
HaMa'ayan Junction,32.943497,35.347083,gtfs/6567,Bus Stop
HaMaccabim Road/Eli Cohen,31.984633,34.810740,gtfs/25107,Bus Stop
HaMahtseva Intersection West/Road 79,32.788022,35.193405,gtfs/35314,Bus Stop
HaMered/Eliyahu Hakim,31.271643,34.814896,gtfs/29213,Bus Stop
HaMeyasdim/HaBanim Road,32.474893,34.990538,gtfs/1491,Bus Stop
HaMeyasdim/HaShminit,32.485914,34.991801,gtfs/38640,Bus Stop
HaMichlala LeMinhal/Yitshak Rabin,31.970068,34.774690,gtfs/34134,Bus Stop
HaMlachim/Perec Laskier,31.265107,34.756203,gtfs/44757,Bus Stop
HaNassi Ben Tsvi Blvd/HaZetim Road,33.008813,35.110688,gtfs/17721,Bus Stop
HaNassi Boulevard,32.814272,34.979595,gtfs/1984,Bus Stop
HaNassi Weizmann Blvd/HaGiborim,32.509860,34.919840,gtfs/1155,Bus Stop
HaNassi Weizmann/Lavochkin,32.438454,34.924815,gtfs/1197,Bus Stop
HaNassi/Gratball,31.948030,34.892672,gtfs/22074,Bus Stop
HaNassi/Ussishkin,32.059580,34.852717,gtfs/15388,Bus Stop
HaNesharim 2/Zamir,32.986838,35.510115,gtfs/18587,Bus Stop
HaNevi'im/HaShoftim,32.800008,35.108877,gtfs/35642,Bus Stop
HaNevi'im/Sderot Allentown,32.788254,35.513667,gtfs/5743,Bus Stop
HaPardes/Shpak,32.422696,34.944700,gtfs/1268,Bus Stop
HaPardes/Wolfberg,32.415334,34.951508,gtfs/1304,Bus Stop
HaPikud Junction/al-A'mara,32.694042,35.287550,gtfs/18235,Bus Stop
HaRakefet/Patria,31.950624,34.830783,gtfs/22614,Bus Stop
HaRav Herzog Boulevard/Nahar HaYarden Boulevard,31.736614,34.993204,gtfs/10990,Bus Stop
HaRav Kook/Jabotinsky,33.015356,35.281995,gtfs/18015,Bus Stop
HaRav Kook/Shiv'at HaKokhavim Boulevard,32.163200,34.828186,gtfs/13189,Bus Stop
HaRav Ovadia Yosef/Menahem Begin Rd,32.080717,34.908000,gtfs/16363,Bus Stop
HaRav Shalom Shabazi/Shlomo Ma'uda,32.093034,34.946340,gtfs/23287,Bus Stop
HaRozmarin/Tunnels Road,31.731880,35.203916,gtfs/8935,Bus Stop
HaSahlav/Kehilat Yahadut Tsarfat,33.026074,35.271240,gtfs/6770,Bus Stop
HaShahar Terminal/HaRav Ovadya Yosef,31.066057,35.052585,gtfs/50824,Bus Stop
HaShalom-Mall,32.816944,35.151862,gtfs/35263,Bus Stop
HaShikma/HaDarom,32.047096,34.876672,gtfs/15399,Bus Stop
HaShiv'a Road/Hamahtesh,32.028910,34.796876,gtfs/24738,Bus Stop
HaShiv'a Road/Kaplan,32.017652,34.808867,gtfs/24850,Bus Stop
HaShomer/Hativat Yiftah,32.136795,34.873728,gtfs/24545,Bus Stop
HaShunit/Yorde Yam,32.160705,34.796409,gtfs/14365,Bus Stop
HaTamar/HaHaruv,32.813153,34.968488,gtfs/3106,Bus Stop
HaTe'ena Square/424,31.865750,34.952742,gtfs/14957,Bus Stop
HaTehiya/Kibbutz Galuyot,32.197101,34.855767,gtfs/24257,Bus Stop
HaTse'elim/HaOranim,32.651921,35.098756,gtfs/20570,Bus Stop
HaVradim/HaHatsav,33.214979,35.579749,gtfs/4235,Bus Stop
HaYarden/Pinhas,32.063113,34.828322,gtfs/13180,Bus Stop
HaYarkon/Ben Gurion Boulevard,32.084191,34.769531,gtfs/44471,Bus Stop
HaYovel/Alon,31.996185,34.829527,gtfs/49445,Bus Stop
HaZayit/Laniado,32.759437,34.978420,gtfs/3342,Bus Stop
Hadassah Neurim Boarding School/HaShita,32.376916,34.864512,gtfs/14692,Bus Stop
Hadassim Junction,32.284931,34.897111,gtfs/14800,Bus Stop
Hagdudim/HaRav Tene,31.235226,34.782094,gtfs/50632,Bus Stop
Haharoshet/Hamelaha,32.921724,35.310818,gtfs/18141,Bus Stop
Hahashmona'im/HaLevi'em,29.550604,34.934351,gtfs/12667,Bus Stop
Haim Bar-Lev/Yizhak Rabbin Blvd.,31.978011,34.764342,gtfs/17,Bus Stop
Haim Moshe Shapira/Dukhifat,32.942029,35.079543,gtfs/20848,Bus Stop
Haim Weizmann/Herzl,32.957234,35.496737,gtfs/5240,Bus Stop
Hakurat Al Asali A,32.504268,35.057424,gtfs/4093,Bus Stop
Hama'abada/Hevron Road,31.764244,35.225329,gtfs/10335,Bus Stop
Hamamot,31.383734,34.732549,gtfs/12780,Bus Stop
Hamelaha/Ha'Orgim,32.012784,34.797830,gtfs/24131,Bus Stop
Hannah Interchange/Camp 80,32.457376,34.984447,gtfs/1482,Bus Stop
Har Dragot Quarry/Darijat,31.259412,35.059566,gtfs/26772,Bus Stop
Har HaTsofim,33.222023,35.568620,gtfs/19752,Bus Stop
Har Nof Terminal/Kanfei Nesharim,31.787190,35.180668,gtfs/9959,Bus Stop
Harav Abraham Zaken/Yitzhak Ernst Nebenzahl,31.743439,35.223110,gtfs/52004,Bus Stop
Harduf Junction,32.792064,35.176530,gtfs/18957,Bus Stop
Harduf/Ahat Esre Hanekudot,31.424475,34.575245,gtfs/39773,Bus Stop
Hartov Interchange,31.767298,34.997537,gtfs/11080,Bus Stop
Hasharon Prison/Hadarim Interchange,32.235422,34.885989,gtfs/22284,Bus Stop
Hashmona'im North Junction,31.930966,35.026006,gtfs/7619,Bus Stop
Hashmonaim Boulevard/Menahem Begin Road,31.880695,34.998301,gtfs/48479,Bus Stop
Hativa Sheva Junction/Latrun,31.835052,34.978365,gtfs/8439,Bus Stop
Hativat Golani/Yefe Nof,32.432312,34.943357,gtfs/3042,Bus Stop
Havakuk/Miryam HaNevia,32.079742,34.984337,gtfs/44079,Bus Stop
Havatselet Interchange,32.357842,34.870882,gtfs/14720,Bus Stop
Havruta/Yahad,32.455430,35.059431,gtfs/47139,Bus Stop
Hayalim Meshuhrarim Quarter 2,32.805943,35.154163,gtfs/37508,Bus Stop
Hayarkon River/Hayarden River,31.707350,35.000200,gtfs/8862,Bus Stop
Hazo'a/Hatam Sofer,31.695557,35.123341,gtfs/7413,Bus Stop
HeHaruv/Uri Road,32.766112,35.037642,gtfs/43210,Bus Stop
Hemed Interchange,31.801002,35.124540,gtfs/41133,Bus Stop
Hemed Junction,32.012415,34.843015,gtfs/15826,Bus Stop
Hemshechiut Intersection,32.141483,34.836776,gtfs/29436,Bus Stop
Hermelin College/HaMehkar,32.291133,34.864850,gtfs/621,Bus Stop
Herzl Boulevard/Shivat Zion,31.937407,34.866101,gtfs/21404,Bus Stop
Herzl/En HaKore,31.966292,34.802650,gtfs/24757,Bus Stop
Herzl/HaHagana,33.016488,35.096367,gtfs/17586,Bus Stop
Herzl/HaHagana,32.931790,35.071134,gtfs/50917,Bus Stop
Herzl/Kibbutz Galuyot,31.320462,34.619915,gtfs/27945,Bus Stop
Herzl/Ya'acobi Boulevard,31.883855,34.816138,gtfs/16092,Bus Stop
Hevron Road/Giv'at HaMatos,31.739691,35.212459,gtfs/11562,Bus Stop
Hibat Tsiyon/HaShomer,32.607693,35.276739,gtfs/6300,Bus Stop
High School Al Qasemi,32.413792,35.035489,gtfs/36040,Bus Stop
Hillel Yaffe Hospital,32.451726,34.898129,gtfs/4134,Bus Stop
Hod Hasharon Center/Ramatayim Road,32.154639,34.894508,gtfs/24535,Bus Stop
Hodiya Junction,31.682400,34.651124,gtfs/25872,Bus Stop
Hofit Terminal/Arye Tager,31.702165,34.576099,gtfs/40060,Bus Stop
Hura Junction,31.292852,34.922502,gtfs/28228,Bus Stop
Hutsot Mall/Ben Gurion,31.660747,34.588385,gtfs/25700,Bus Stop
I'blin/New Christian Cemetery,32.817017,35.199957,gtfs/37143,Bus Stop
IKEA/Yarden,31.224622,34.821167,gtfs/42280,Bus Stop
Ibn Sina D,32.498390,35.035648,gtfs/38500,Bus Stop
Iksal Junction/Western Entrance,32.676108,35.291199,gtfs/5166,Bus Stop
Ilut P/Exit,32.717044,35.270449,gtfs/6056,Bus Stop
Ilut Rounabout/al-Kurum,32.706628,35.288225,gtfs/6225,Bus Stop
Inbalim/Shir,31.247930,35.221766,gtfs/28258,Bus Stop
Internazional/Dorot,32.779142,35.010185,gtfs/2070,Bus Stop
Irus/Rakefet,31.863685,35.160523,gtfs/34881,Bus Stop
Israel Aerospace Industries Junction,32.005385,34.906860,gtfs/22092,Bus Stop
Jat Terminal,32.396462,35.042492,gtfs/2969,Bus Stop
Jericho Road/HaOfel Road,31.780728,35.238456,gtfs/8877,Bus Stop
Johana Jabotinsky BLVD/Kadish Silman,31.237149,34.771781,gtfs/25513,Bus Stop
Kafar Akeb School,31.876014,35.217760,gtfs/35564,Bus Stop
Kafr Qasm Terminal,32.115993,34.988278,gtfs/51269,Bus Stop
Kalandya Passage/Alight,31.862831,35.226947,gtfs/34688,Bus Stop
Kama Intersection East,31.442307,34.767318,gtfs/39133,Bus Stop
Kanfe Nesharim/Magen David,32.184544,34.838870,gtfs/14440,Bus Stop
Karkur Junction,32.465400,34.994606,gtfs/4122,Bus Stop
Karmi'el West Junction,32.923165,35.278923,gtfs/17989,Bus Stop
Karne Hitin/Acre Fort,31.055138,35.041274,gtfs/29039,Bus Stop
Katriel Rapaport/Chaim Herzog,31.966961,34.824450,gtfs/25006,Bus Stop
Katznelson/Weizmann,32.075525,34.809260,gtfs/13835,Bus Stop
Kdushat Levi/HaRav Shach,31.702595,35.110378,gtfs/7389,Bus Stop
Keren HaYesod/Haim Moshe Shapira,31.799697,34.642673,gtfs/25928,Bus Stop
Kfar Hitim Junction,32.797319,35.517925,gtfs/5707,Bus Stop
Kfar Sava Industrial Zone,32.178298,34.926906,gtfs/24430,Bus Stop
Kfar Shmu'el Junction,31.891270,34.922024,gtfs/21578,Bus Stop
Kibbutz Seminar/Namir Road,32.101886,34.792779,gtfs/13358,Bus Stop
Kinamon/Magnolia,31.542534,34.587491,gtfs/52531,Bus Stop
Kindergarten/Netivot HaMishpat,31.927233,35.040124,gtfs/7516,Bus Stop
Kineret/Nahal Na'aman,31.783079,34.633755,gtfs/25565,Bus Stop
King David Avenue,32.484296,34.914142,gtfs/50213,Bus Stop
Kiriyat Alon Quarter/Yerushalayim,32.090362,34.901807,gtfs/16345,Bus Stop
Kiriyat HaHinuch,32.637084,35.080366,gtfs/39086,Bus Stop
Kiryat Amal Junction,32.711515,35.130742,gtfs/3885,Bus Stop
Kiryat Malachi Fork/Yigal Horowitz,31.723757,34.746515,gtfs/12327,Bus Stop
Kiryat No'ar/Zilberg,31.762097,35.186031,gtfs/11822,Bus Stop
Kupat Holim Clalit,31.298715,34.938829,gtfs/28226,Bus Stop
Kuseife/Yatir Station,31.257995,35.090678,gtfs/28245,Bus Stop
La Guardia/HaTayasim Road,32.059319,34.802950,gtfs/13173,Bus Stop
Lakhish Blvd/Karme Gat Blvd,31.629016,34.772800,gtfs/42446,Bus Stop
Laniado Medical Center/Children,32.346270,34.855141,gtfs/14653,Bus Stop
Lapid North Junction,31.917157,35.028134,gtfs/21800,Bus Stop
Leon Blum,32.798677,34.998088,gtfs/2108,Bus Stop
Levi Eshkol Boulevard/HaGil'ad,31.747767,34.998841,gtfs/11071,Bus Stop
Levi Eshkol Road/Haruge Malkhut Bavel,32.057125,34.864540,gtfs/25078,Bus Stop
Levinsky College/Namir Road,32.136707,34.798164,gtfs/29378,Bus Stop
Local Council,32.720409,35.062181,gtfs/2930,Bus Stop
Local Council,31.248801,35.086327,gtfs/28581,Bus Stop
Lod HaYeruka Road/Ha'Ela,31.946762,34.904765,gtfs/16917,Bus Stop
Lotem/Egoz,32.614796,35.284325,gtfs/35417,Bus Stop
Ma'ale Yitshak Boulevard/Karkum,32.731885,35.331906,gtfs/19427,Bus Stop
Ma'ale Yitshak/En Mahel,32.720018,35.338667,gtfs/18452,Bus Stop
Ma'on/Tapu'ah,31.261837,35.202178,gtfs/12771,Bus Stop
Magdiel Square/Sokolov,32.160551,34.902702,gtfs/24532,Bus Stop
Mak'r Intersection,32.915417,35.125862,gtfs/18821,Bus Stop
Malchei Israel/Northern Exit,31.619029,34.767723,gtfs/27522,Bus Stop
Manshiya Zabda Intersection,32.701877,35.193101,gtfs/19488,Bus Stop
Mashiv HaRuach Park,32.900844,35.276099,gtfs/52138,Bus Stop
Masu'ot Yitshak Junction,31.695810,34.694151,gtfs/26563,Bus Stop
Matsli'ah Junction,31.918362,34.865617,gtfs/22101,Bus Stop
Me Ami Intersection,32.514875,35.120684,gtfs/4129,Bus Stop
Me'ona School,33.015101,35.265798,gtfs/17925,Bus Stop
Medinat HaYehudim/Matit'yahu,32.168060,34.803953,gtfs/14398,Bus Stop
Menachem Begin Boulevard/Moshe Dayan Boulevard,32.029364,34.880740,gtfs/25130,Bus Stop
Menachem Begin Road,31.878397,35.009971,gtfs/35984,Bus Stop
Menachem Begin Road/Dan,32.096331,34.967836,gtfs/23291,Bus Stop
Menahem Begin Boulevard/Keren HaYesod,32.601893,35.285175,gtfs/50521,Bus Stop
Menashe Junction Northward,32.471404,35.011467,gtfs/4123,Bus Stop
Mental Health Center Tirat Carmel,32.750932,34.974635,gtfs/2816,Bus Stop
Merhavya School,32.077036,34.888057,gtfs/25126,Bus Stop
Meridor/Yosef Nedava,31.814097,35.251423,gtfs/10289,Bus Stop
Merkaz Horev/Pica,32.785094,34.987340,gtfs/1860,Bus Stop
Merkaz Oren/Yitzhack Rager,31.271125,34.797919,gtfs/26654,Bus Stop
Mesilat Zion Interchange,31.798378,35.014456,gtfs/11119,Bus Stop
Messubim Interchange,32.038296,34.831105,gtfs/21589,Bus Stop
Mevo Modi'im Junction,31.937370,34.986635,gtfs/22063,Bus Stop
Migdal Hamayim,31.303731,34.622300,gtfs/27294,Bus Stop
Mikveh Yisrael/Yehoshua Henkin,32.028181,34.778906,gtfs/49989,Bus Stop
Mintz/Herzog,32.809005,35.130165,gtfs/17468,Bus Stop
Misha’el Mizrakhi/Uri Ben Ari,31.833182,35.248172,gtfs/38590,Bus Stop
Mishmar HaGvul/Snir,32.428046,34.932216,gtfs/37769,Bus Stop
Mitkan Adam Junction,31.948218,34.963400,gtfs/22065,Bus Stop
Mivtsa Yo'av/Operation Kilshon,31.264158,34.779161,gtfs/26292,Bus Stop
Mo'av/Leshem,31.261350,35.228355,gtfs/26842,Bus Stop
Molada Interchange,31.267596,34.970924,gtfs/28555,Bus Stop
Moriya/Yerushalayim Blvd,32.102840,35.206225,gtfs/34495,Bus Stop
Moriya/Zerubavel,32.794270,34.985212,gtfs/1892,Bus Stop
Moshav Azariya Intersection,31.901542,34.909767,gtfs/21580,Bus Stop
Moshe Dayan/Gdole Israel,31.980484,34.775576,gtfs/15816,Bus Stop
Moshe Kachlon Road/Nahal Ovdat,31.314637,34.649812,gtfs/50461,Bus Stop
Moshe Sne/Bne Efrayim,32.124779,34.825126,gtfs/29460,Bus Stop
Mt. Schmuel Intersection,31.832023,35.173268,gtfs/8074,Bus Stop
Nahal Anim,31.263429,34.991809,gtfs/28554,Bus Stop
Nahal HaKishon Blvd/Shacham Creek,31.711805,34.990483,gtfs/10848,Bus Stop
Nahal Ovdat/Nahal Amatsyahu,31.306737,34.644552,gtfs/51437,Bus Stop
Nahal Soa,31.267932,34.953993,gtfs/28556,Bus Stop
Nahal Soreq Camp/LaDarom,31.809666,34.868986,gtfs/21853,Bus Stop
Nahalal Junction,32.699835,35.208447,gtfs/4205,Bus Stop
Nahar HaDan Boulevard B,31.727708,34.986992,gtfs/44405,Bus Stop
Nahshonim Junction,32.069239,34.944847,gtfs/16003,Bus Stop
Namir Road/Einstein,32.111697,34.792204,gtfs/29336,Bus Stop
Naomi Shemer/Chen Boulevard,32.859360,35.105164,gtfs/51512,Bus Stop
Nehar HaDan Blvd/Ba'al HaSulam,31.717476,34.980373,gtfs/43434,Bus Stop
Nehemya/Ya'akov Boulevard,31.949352,34.818734,gtfs/16760,Bus Stop
Neiberg/Bialik,32.796622,35.530435,gtfs/5712,Bus Stop
Nesharim Interchange,31.901922,34.888167,gtfs/613,Bus Stop
Nesher Stadium,32.765786,35.052788,gtfs/48909,Bus Stop
Nesi'e Israel/Bet HaKerem,32.908896,35.285332,gtfs/18041,Bus Stop
Netsah Yerushalayim/Hagay,31.662680,35.155306,gtfs/34779,Bus Stop
Nevatim Junction,31.261066,35.038166,gtfs/26770,Bus Stop
Neve Dekalim/Rafiah Yam,31.418476,34.565435,gtfs/39478,Bus Stop
Neve Yamin/East,32.176573,34.938396,gtfs/757,Bus Stop
Nir Galim Junction,31.829161,34.687274,gtfs/15413,Bus Stop
Nir Israel Junction/Berekhya,31.679188,34.634179,gtfs/12109,Bus Stop
Nir Tsvi Junction,31.952128,34.856430,gtfs/21470,Bus Stop
Nof HaGalil Market,32.693530,35.306105,gtfs/21083,Bus Stop
Nof Yam Interchange,32.186154,34.815190,gtfs/29581,Bus Stop
Ofer Camp/Road 443,31.871742,35.177482,gtfs/43297,Bus Stop
Ole HaGardom/Dov Gruner,31.752957,35.234484,gtfs/9836,Bus Stop
Omar Bin Al-Khattab/Al-Muhajirun,32.111129,34.978499,gtfs/25308,Bus Stop
Omer West Junction,31.269234,34.841741,gtfs/26711,Bus Stop
Ono Interchange/Road 471,32.069278,34.859124,gtfs/23316,Bus Stop
Ort Yigal Allon/Ma'ale Yits'hak,32.708282,35.334618,gtfs/4671,Bus Stop
Oshiland Mall/Atir Yeda,32.166035,34.928573,gtfs/37804,Bus Stop
Pais Club for retirees,32.681719,35.322842,gtfs/4484,Bus Stop
Pardesi'ya Junction,32.305138,34.900931,gtfs/14825,Bus Stop
Pharmacy,32.869414,35.205294,gtfs/5998,Bus Stop
Pinhas Lavon/Golda Meir,32.278777,34.851223,gtfs/592,Bus Stop
Pinhas Rosen/Mivtza Kadesh,32.111225,34.825429,gtfs/14005,Bus Stop
Planet Area,31.980599,34.748230,gtfs/34217,Bus Stop
Police,32.501933,35.493744,gtfs/4826,Bus Stop
Pras Nobel Center,31.968494,34.763981,gtfs/33989,Bus Stop
Pri Megadim/Arava,31.309209,34.611909,gtfs/27298,Bus Stop
Prof Shorr/HaNevi'im,32.019380,34.790337,gtfs/22413,Bus Stop
Professor Albert Einstein/Professor Shorr,32.340353,34.870635,gtfs/540,Bus Stop
Quarter 24,31.393350,34.760019,gtfs/28424,Bus Stop
R.Pinchas Miller,32.729129,35.343026,gtfs/44547,Bus Stop
Rabbi Meir Grave,32.767482,35.550315,gtfs/5285,Bus Stop
Rabbi Yehuda HaNasi/Rabbi Shimon Ben Shetach,32.052813,34.965556,gtfs/23491,Bus Stop
Rabin Blvd/HaYarden,32.641767,35.090060,gtfs/6886,Bus Stop
Rahat Police,31.403720,34.754778,gtfs/28421,Bus Stop
Rahel Imenu Blvd/Zet Shemen,31.668465,35.164376,gtfs/41448,Bus Stop
Rahmilevitch/Gvirtzman,31.823394,35.254057,gtfs/10205,Bus Stop
Ramallah Road/Marj Ibn Amer,31.847373,35.228456,gtfs/44736,Bus Stop
Ramallah Terminal,31.903602,35.208438,gtfs/38699,Bus Stop
Ramat Yishay West Junction,32.705996,35.163129,gtfs/18914,Bus Stop
Ramon High School/ Naomi Shemer,32.847190,35.104470,gtfs/43432,Bus Stop
Ramot Terminal,31.280279,34.821859,gtfs/44422,Bus Stop
Ramot/Ma'oz,31.818485,35.202563,gtfs/8830,Bus Stop
Rand School/Iksal,32.675334,35.314042,gtfs/35312,Bus Stop
Raul Wallenberg/Ha'Arad,32.112816,34.839688,gtfs/13244,Bus Stop
Rav Hamnuna/Abaye,31.712530,34.966910,gtfs/44884,Bus Stop
Re'em Junction-Masmiya Southbound,31.760191,34.784340,gtfs/26403,Bus Stop
Rehovot East Junction,31.888871,34.835695,gtfs/24335,Bus Stop
Reichman University/Natan Alterman,32.174578,34.837767,gtfs/14418,Bus Stop
Rimon Shopping Center/Levi Eshkol Road,32.048070,34.865130,gtfs/15473,Bus Stop
Rishpon Junction,32.200909,34.819137,gtfs/14598,Bus Stop
Rivyera Terminal,31.772632,34.618632,gtfs/35404,Bus Stop
Road 4/Bar Ilan Interchange,32.065048,34.838934,gtfs/24468,Bus Stop
Road 40/Giv'at Brener,31.861109,34.808948,gtfs/15425,Bus Stop
Road 40/Moshav Kidron,31.824557,34.775341,gtfs/16102,Bus Stop
Road 40/Rinat'ya Mazor,32.048260,34.905433,gtfs/15838,Bus Stop
Road 40/Tel Nof Camp,31.835619,34.783414,gtfs/16101,Bus Stop
Road 412/Neve Rabin,32.022758,34.872285,gtfs/48813,Bus Stop
Road 431/Yehuda HaMaccabi,31.894877,34.988545,gtfs/39254,Bus Stop
Road 4311/Moshvitz,31.949267,34.772200,gtfs/34121,Bus Stop
Road 65/Um al Fahm A,32.523316,35.132249,gtfs/1752,Bus Stop
Road 65/Um al Fahm Junction,32.532844,35.147242,gtfs/4111,Bus Stop
Road 85/Majd al Krum East,32.918247,35.266429,gtfs/5821,Bus Stop
Rokach Blvd/Behor Shitrit,32.107454,34.814433,gtfs/13219,Bus Stop
Sakhnin Town Hall,32.860591,35.303952,gtfs/21073,Bus Stop
Sal'it/Agamit,31.266684,35.214817,gtfs/26907,Bus Stop
Samson Tennis Center/Yehuda Halevi,31.257843,34.787521,gtfs/25643,Bus Stop
Sapir Blvd/HaGefen,32.781401,35.522178,gtfs/5702,Bus Stop
Sapir College,31.510728,34.594350,gtfs/11933,Bus Stop
Sara Imenu/Ruth HaMoaviya,29.543387,34.927401,gtfs/29246,Bus Stop
Segula Junction North/40 highway,32.102663,34.898345,gtfs/25206,Bus Stop
Separate Beach/Ben Gurion Avenue,31.672377,34.552804,gtfs/41651,Bus Stop
Sha'ar HaAmakim,32.721487,35.112411,gtfs/1479,Bus Stop
Sha'ar Hefer Junction,32.323256,34.887917,gtfs/14765,Bus Stop
Shaariya Interchange Southward,32.067920,34.903209,gtfs/15884,Bus Stop
Shabazi/Shilo,32.085811,34.958108,gtfs/41764,Bus Stop
Shabazi/Zalach,32.789591,35.086183,gtfs/2224,Bus Stop
Shafir Junction/Zrah'ya,31.704320,34.719244,gtfs/12116,Bus Stop
Shapira Center Junction,31.699744,34.706800,gtfs/26573,Bus Stop
Shapira/HaHistadrut,31.653120,34.555052,gtfs/27339,Bus Stop
Sharon Junction Westwards,32.323644,34.902989,gtfs/14836,Bus Stop
Shefar'am Parking,32.797334,35.186298,gtfs/4177,Bus Stop
Sheshet HaYamim Boulevard/Klil HaHoresh,33.019236,35.112978,gtfs/49047,Bus Stop
Sheshet HaYamim/Shoshana Damari,31.274922,34.760066,gtfs/43180,Bus Stop
Shezor Intersection,32.935075,35.350856,gtfs/18236,Bus Stop
Shilat Junction,31.912407,35.017551,gtfs/22110,Bus Stop
Shimon Suisa,31.800772,35.160321,gtfs/11533,Bus Stop
Shimshon Interchange South,31.775349,35.004232,gtfs/11090,Bus Stop
Shmotkin/Bershevsky,31.973417,34.810803,gtfs/22990,Bus Stop
Shmuel Meir/Yitshak Nissim,31.726916,35.224027,gtfs/11496,Bus Stop
Shoam Medical Center/HaNadiv Road,32.486040,34.970400,gtfs/17225,Bus Stop
Shooting Range Junction to East,32.471271,35.025423,gtfs/43345,Bus Stop
Shoresh Interchange,31.800293,35.077409,gtfs/11161,Bus Stop
Shuk Square,31.240580,35.098887,gtfs/42075,Bus Stop
Shuk/Mantsura,32.104628,34.941635,gtfs/16594,Bus Stop
Site - Commemoration/Weizmann,32.034929,34.892906,gtfs/15411,Bus Stop
Social services branch/Alsalam,31.388963,34.741941,gtfs/12798,Bus Stop
Soroka Medical Center/Yitzhack Rager,31.257796,34.798151,gtfs/28915,Bus Stop
Southern Industrial Zone,32.446689,34.910224,gtfs/1099,Bus Stop
Sport Campus/Weizmann,32.191854,34.845881,gtfs/42621,Bus Stop
Suvat HaTe'ena,31.651626,35.150503,gtfs/34776,Bus Stop
Synagogue/Yitshak Sade,32.162858,34.861529,gtfs/14450,Bus Stop
Tamra City,32.849854,35.203286,gtfs/19303,Bus Stop
Tawfik Zayyad/M. Hamadi,32.801401,35.176285,gtfs/20121,Bus Stop
Tayasim Junction,32.024122,34.907870,gtfs/25097,Bus Stop
Tchernichovsky/Hatzav,32.823290,34.973117,gtfs/17301,Bus Stop
Tchernichovsky/Menachem Begin boulevard,32.186513,34.903427,gtfs/873,Bus Stop
Tel Arad Junction,31.254104,35.123764,gtfs/26779,Bus Stop
Tel Aviv City Hall/Ibn Gabirol,32.082914,34.781176,gtfs/13679,Bus Stop
Tel Aviv Road/Fishman,32.172788,34.815224,gtfs/29404,Bus Stop
Tel Sheva Junction,31.261049,34.831723,gtfs/26705,Bus Stop
Tennis Center,32.935756,35.338899,gtfs/39973,Bus Stop
Terner Stadium,31.273006,34.781099,gtfs/40426,Bus Stop
The Hebrew University/Churchill Blvd,31.795702,35.241936,gtfs/9505,Bus Stop
The Old City,32.922799,35.072139,gtfs/4169,Bus Stop
Tirat Carmel Fork/Herzl,32.773179,34.963410,gtfs/1784,Bus Stop
Tre Asar/Elisha,32.191338,34.939757,gtfs/808,Bus Stop
Truck Parking/HaBonim,31.220708,34.807144,gtfs/43615,Bus Stop
Trumpeldor/HaZayit,32.134973,34.845469,gtfs/14217,Bus Stop
Trumpeldor/Maimon,32.785926,35.019063,gtfs/3108,Bus Stop
Tsim Center/Industrial Zone,32.511758,35.499778,gtfs/43934,Bus Stop
Tsrifin Intersection/Northward,31.969932,34.843347,gtfs/24787,Bus Stop
Tsurit Junction,32.914825,35.226946,gtfs/20090,Bus Stop
Tunnels Barrier,31.705539,35.168148,gtfs/43224,Bus Stop
Tzahal Boulevard/Ze'ev Venia Hadari Boulevard,31.284581,34.810400,gtfs/52300,Bus Stop
Udim Junction,32.269538,34.846971,gtfs/22234,Bus Stop
Um A-Shtuya,32.826258,35.179107,gtfs/40526,Bus Stop
Ummanuel Camp Intersection,31.690605,34.677882,gtfs/26559,Bus Stop
Urban Market,32.598598,35.295989,gtfs/4949,Bus Stop
Volkani Institute/HaMaccabim Road,31.993680,34.814509,gtfs/22309,Bus Stop
Wadi An-Nusur Road,32.508652,35.156799,gtfs/43964,Bus Stop
Weizman Avenue/Akiva,32.191298,34.884583,gtfs/22527,Bus Stop
Weizman Avenue/Migdal,32.192458,34.866262,gtfs/987,Bus Stop
Weizmann/HaMe'a Ve'Ehad,31.936025,34.799704,gtfs/16189,Bus Stop
Weizmann/Katznelson,31.816863,34.781688,gtfs/25013,Bus Stop
Weizmann/Sharett,32.337702,34.859784,gtfs/369,Bus Stop
Wholesale Market,31.960287,34.851386,gtfs/21471,Bus Stop
Wingate Institute,32.253791,34.835574,gtfs/14607,Bus Stop
Ya'akov Boulevard/HaHatsav,31.957731,34.823224,gtfs/16798,Bus Stop
Yad LaBanim/Dov Gruner,32.796224,35.016269,gtfs/2116,Bus Stop
Yad Rambam,31.907053,34.899956,gtfs/21732,Bus Stop
Yaffat a-Nasere/al-Almaneye,32.680886,35.269732,gtfs/19369,Bus Stop
Yaffat a-Nasere/al-Wadi al-Khareji,32.687057,35.277546,gtfs/21288,Bus Stop
Yagur Interchange,32.752167,35.071543,gtfs/1296,Bus Stop
Yahad Shivte Israel Blvd/HaRav Elyashiv,31.935040,34.896984,gtfs/43771,Bus Stop
Yahel/Nirit,29.561142,34.936233,gtfs/29094,Bus Stop
Yakinton/Begin,32.835700,35.104048,gtfs/3578,Bus Stop
Yakinton/HaBrosh Alley,33.010712,35.291559,gtfs/6407,Bus Stop
Yanai Interchange Northwards,32.386814,34.868269,gtfs/14710,Bus Stop
Yarkon Interchange,32.122810,34.903897,gtfs/743,Bus Stop
Yashresh Junction,31.912693,34.857201,gtfs/16350,Bus Stop
Yasif Junction,32.912549,35.156570,gtfs/18823,Bus Stop
Yatir Junction,31.277594,34.939551,gtfs/12012,Bus Stop
Yehuda/Yitshak Rabin Boulevard,31.890305,35.005284,gtfs/23055,Bus Stop
Yeruka Quarter Terminal,32.200307,34.891094,gtfs/42035,Bus Stop
Yerushalayim Blvd/Kadesh Blvd,31.692483,34.577137,gtfs/28157,Bus Stop
Yerushalayim Blvd/Yosef Samlo,31.423804,34.597810,gtfs/27220,Bus Stop
Yerushalayim Boulevard/HaRav Zaban,31.418287,34.583279,gtfs/39791,Bus Stop
Yerushalayim Boulevard/Montefiore Boulevard,31.681519,34.573113,gtfs/12004,Bus Stop
Yerushalayim Road/Berl Katznelson,32.168618,34.852774,gtfs/14293,Bus Stop
Yerushalayim Road/Herzog,31.528937,34.607227,gtfs/27262,Bus Stop
Yerushalayim/Balfour,31.962413,34.812357,gtfs/22805,Bus Stop
Yeshayahu HaNavi/Dvora HaNevia,31.702444,34.990037,gtfs/41163,Bus Stop
Yif'at Intersection,32.674019,35.221497,gtfs/18792,Bus Stop
Yitshak Matsliah Junction,31.230321,34.803528,gtfs/26679,Bus Stop
Yitshak Rabin/Menachem Begin,31.295120,34.613072,gtfs/51439,Bus Stop
Yitzhak Rabin Road/Yitzhak Wittenberg,32.079628,34.860156,gtfs/44248,Bus Stop
Yitzhak Shamir/Dolev,32.639883,35.321744,gtfs/50479,Bus Stop
Yitzhak Shamir/HaRav Dov HaCohen Kook,32.633713,35.313489,gtfs/49544,Bus Stop
Yosef Lishanski/David Saharov,31.992394,34.766781,gtfs/15530,Bus Stop
Zano'ah Intersection,31.731204,35.005384,gtfs/40740,Bus Stop
Zanuah Quarries,31.717964,35.008662,gtfs/40739,Bus Stop
Zchor L'Avraham Syg./Ben Kisma,32.045907,34.956314,gtfs/23403,Bus Stop
Zekharya HaNavi/Neriya HaNavi,31.705501,34.976725,gtfs/43697,Bus Stop
Zevulum Hamer Road/Avshalom Gissin,32.100399,34.870843,gtfs/24281,Bus Stop
Zevulun/Hate'ala,32.804671,35.098670,gtfs/1435,Bus Stop
Zondek/Nelson Glick,31.812794,35.193318,gtfs/9891,Bus Stop
al-Jalil Road/a-Rum,32.707686,35.307216,gtfs/18199,Bus Stop
בי''ח שיב''א/שדרות אהרון קציר,32.051129,34.849018,gtfs/15878,Bus Stop
בי''ס אל נור א',32.866198,35.220351,gtfs/41003,Bus Stop
בי''ס יהלום/רובע יזרעאל,32.613858,35.305964,gtfs/35335,Bus Stop
בי''ס כרמים/עמק חרוד,31.920514,35.003706,gtfs/35973,Bus Stop
ביה''ח אסותא,31.781120,34.657394,gtfs/28671,Bus Stop
ביה''ס עירוני י''א/יהודה המכבי,32.093734,34.788230,gtfs/13723,Bus Stop
בית העלמין/חזון אי''ש,32.072899,34.833115,gtfs/14024,Bus Stop
בית''ר/עינב,32.158742,34.851017,gtfs/41886,Bus Stop
דרך האר''י/ כביש 375,31.704533,35.126243,gtfs/7444,Bus Stop
הגר''א/בעל שם טוב,31.924369,35.050326,gtfs/49841,Bus Stop
המ''ג/פנים מאירות,31.796941,35.200510,gtfs/8661,Bus Stop
הפלמ''ח/גשר עד הלום,31.801664,34.662622,gtfs/26330,Bus Stop
הרב לוי ביסטריצקי/זלמן שז''ר,32.963933,35.506221,gtfs/18561,Bus Stop
זבולון/קק''ל,32.802761,35.083430,gtfs/1448,Bus Stop
חבצלת/שדרות קק''ל,32.465093,34.976954,gtfs/17451,Bus Stop
חזון אי''ש/האדמו''ר מגור,32.082352,34.835187,gtfs/14043,Bus Stop
יהודה הלוי/רש''י,32.099797,34.954973,gtfs/16572,Bus Stop
ישיבת הר''ן/רבי יהודה הנשיא,32.052133,34.948273,gtfs/25424,Bus Stop
מגדלי רמב''ם/טוביהו,31.246145,34.783544,gtfs/11969,Bus Stop
מחלף הראל/מבשרת ציון ,31.798621,35.145723,gtfs/11234,Bus Stop
מחלף מיתר לב''ש,31.306942,34.900322,gtfs/28230,Bus Stop
מחלף קריית המודיעין/כביש 60 ,31.287038,34.871137,gtfs/51430,Bus Stop
משטרת ראשל''צ/ז'בוטינסקי,31.974784,34.796750,gtfs/23879,Bus Stop
עזה/רד''ק,31.773178,35.215131,gtfs/9523,Bus Stop
צה''ל,32.443329,34.937861,gtfs/48297,Bus Stop
צה''ל 1,32.964929,35.487497,gtfs/18357,Bus Stop
צומת בני עי''ש לדרום,31.794005,34.769692,gtfs/23211,Bus Stop
צומת בני ראם/כביש 40 ,31.772522,34.779563,gtfs/21960,Bus Stop
צומת חב''ד,31.979433,34.836540,gtfs/21594,Bus Stop
קניון נהריה/זלמן שז''ר,32.989197,35.093837,gtfs/17569,Bus Stop
רשב''י/שדרות הרב לוין,31.790253,34.659761,gtfs/25883,Bus Stop
שבי ציון/אח''י אילת,31.807396,34.649236,gtfs/25923,Bus Stop
שד' קק''ל/בני אפרים,32.118660,34.816732,gtfs/14353,Bus Stop
שד. בן אב''י/הרעות,32.319471,34.848923,gtfs/300,Bus Stop
שד. מלכי ישראל/שד. צה''ל,31.605519,34.758780,gtfs/27499,Bus Stop
שדרות פנחס ספיר/שדרות הפלמ''ח,32.854175,35.066376,gtfs/46319,Bus Stop
Aluf Sade Terminus,32.055089,34.833717,node/707368736,Bus Terminal
Avi HaAsirim Terminal,31.954406,34.803939,node/4199409965,Bus Terminal
Ayalon Mall Bus Terminal,32.098848,34.825462,node/4541919909,Bus Terminal
Azorei Chen Terminal,32.128698,34.792353,node/6504856511,Bus Terminal
Carmelit Terminal,32.067419,34.765689,node/2680568017,Bus Terminal
HaTavor Terminal,32.694412,35.384755,node/429882252,Bus Terminal
HaTayasim Terminal,32.047685,34.813778,node/1539205767,Bus Terminal
Har Hotzvim Terminal,31.800351,35.212740,node/6618730211,Bus Terminal
Hazor Haglilit bus terminal,32.980558,35.556530,node/3116080944,Bus Terminal
HeHarash Terminal,32.097088,34.852900,node/7244347281,Bus Terminal
Kastina terminal,31.731560,34.756161,node/799247428,Bus Terminal
Kedma bus terminal,32.126947,34.857159,node/1803055994,Bus Terminal
Kiryat Ono Terminal,32.037343,34.865830,way/1447332825,Bus Terminal
Kiryat Sharet Terminal,32.003428,34.800809,way/377028713,Bus Terminal
Masu'a Terminal,31.751786,35.168123,way/923375447,Bus Terminal
Or Yehuda bus terminal,32.021141,34.853735,way/1161770204,Bus Terminal
Ra'anana Junction Terminal,32.175355,34.890441,way/154657948,Bus Terminal
Reading bus terminal,32.099158,34.779311,way/95435248,Bus Terminal
Schneider Terminal,32.088072,34.868769,node/6618747687,Bus Terminal
Sharonim Terminal,32.133919,34.901839,node/3729247724,Bus Terminal
Shoham Terminal,32.016870,34.957272,way/1021867529,Bus Terminal
Tel Aviv University Bus Terminal,32.116838,34.803706,way/98994607,Bus Terminal
Terminal City Hall - Modiin,31.908953,35.007404,way/385077738,Bus Terminal
Yokne'am Terminal,32.659639,35.105626,node/1430463499,Bus Terminal
Bney Zion Hospital,32.807572,34.990500,node/616484913,Carmelit
Carmel Center,32.804678,34.987909,node/615947115,Carmelit
Downtown,32.817490,34.999731,node/616484210,Carmelit
HaNevi'im,32.812621,34.995043,node/3729320319,Carmelit
Hadar – City Hall,32.814656,34.997311,node/4208581362,Carmelit
Masada,32.809660,34.992383,node/616484212,Carmelit
Afula Central Bus Station,32.608808,35.292334,way/525909024,Central Bus Station
Arad central bus station,31.256174,35.211608,way/178883771,Central Bus Station
Ashdod Central Bus Station,31.790783,34.639310,node/931775015,Central Bus Station
Ashkelon Central Bus Station,31.663966,34.566323,way/221010883,Central Bus Station
Beit She'an central bus station,32.498503,35.504563,way/628775509,Central Bus Station
Central Bus Station Hakrayot,32.859370,35.089900,node/10204308535,Central Bus Station
Central Bus Station Harish,32.471135,35.038309,way/1307693043,Central Bus Station
Dimona Central Bus Station,31.068007,35.032515,node/599512036,Central Bus Station
Gedera central bus station,31.815392,34.770979,node/2338540693,Central Bus Station
HaArazim central bus station,31.808884,35.206148,way/885801989,Central Bus Station
Hadera Central bus station,32.435683,34.914089,way/95599816,Central Bus Station
Kfar Saba Central Bus Station,32.174105,34.914767,way/888898100,Central Bus Station
Kiryat Gat Central Bus Station,31.609182,34.770247,node/1120007986,Central Bus Station
Kiryat Shmona Central Station,33.209514,35.569256,way/583552634,Central Bus Station
Lod Central Bus Station,31.956275,34.898137,way/406718008,Central Bus Station
Migdal Haemeq Central Bus Station,32.679229,35.239165,way/543966052,Central Bus Station
Nazareth Central Bus Station,32.701581,35.298688,node/4669838292,Central Bus Station
Ness Ziona Central Station,31.925480,34.797831,node/1803035401,Central Bus Station
Netanya Central Bus Station,32.326969,34.858680,way/30809475,Central Bus Station
Rehovot Central Bus Station,31.893369,34.807624,node/549246596,Central Bus Station
Rishon LeTsiyon Central Bus Station,31.967548,34.785041,node/4265818129,Central Bus Station
Rosh Pina Central Station,32.968668,35.548994,node/1803009521,Central Bus Station
Safed Central Bus Station,32.969898,35.497182,way/609984990,Central Bus Station
Sderot central bus station,31.524488,34.596216,node/4343011881,Central Bus Station
Tel Aviv New Central Bus Station,32.055661,34.779800,way/230605310,Central Bus Station
Tiberias central bus station,32.787233,35.536556,way/95304759,Central Bus Station
Technion (Lower),32.773810,35.026568,node/7598996148,Haifa Rakavlit
University of Haifa,32.763190,35.016394,node/2645430237,Haifa Rakavlit
Acre,32.928190,35.083058,node/2930618415,Israel Railways
Afula,32.621563,35.295226,node/4440444255,Israel Railways
Ahihud,32.911726,35.173439,node/5082642028,Israel Railways
Ashdod–Ad Halom–Metropol,31.773942,34.666238,node/2930618422,Israel Railways
Ashkelon,31.675934,34.604492,node/2930618423,Israel Railways
Atlit,32.692764,34.940222,node/3988544984,Israel Railways
Bat Yam - Komemiyyut,32.000832,34.759347,node/2930618419,Israel Railways
Bat Yam - Yoseftal,32.014611,34.761982,node/2930618418,Israel Railways
Be'er Sheva Merkaz,31.243076,34.798384,node/2930618425,Israel Railways
Be'er Ya'akov,31.932462,34.830571,node/4903319585,Israel Railways
Beer Sheva North - University,31.261895,34.809396,node/621348196,Israel Railways
Beit Shean,32.515005,35.488526,node/4440444254,Israel Railways
Beit Yehoshua,32.262604,34.860233,node/2930618406,Israel Railways
Ben Gurion Airport,32.000404,34.870480,node/3982712778,Israel Railways
Bet Shemesh,31.757820,34.989365,node/3090784765,Israel Railways
Binyamina,32.514553,34.949629,node/4590837775,Israel Railways
Bnei Brak–Ramat HaHayal,32.102892,34.830550,node/3712563183,Israel Railways
Caesarea-Pardes Hana,32.485261,34.954170,node/3703588164,Israel Railways
Dimona,31.068923,35.011833,node/3130051677,Israel Railways
HaMifrats Central Station,32.793350,35.035116,node/2930618411,Israel Railways
Hadera East,32.443830,34.951318,node/4528124569,Israel Railways
Hadera West,32.438380,34.899335,node/2906198781,Israel Railways
Haifa Bat Galim,32.830340,34.981759,node/2930618410,Israel Railways
Haifa Center HaShmona,32.822302,34.997363,node/429882321,Israel Railways
Haifa-Hof HaCarmel (Raziel),32.793514,34.957457,node/2923878193,Israel Railways
Herzelia,32.163981,34.817586,node/2914229359,Israel Railways
Hod HaSharon - Sokolov,32.170004,34.902012,node/3982765958,Israel Railways
Holon - Wolfson,32.035314,34.759691,node/3978658306,Israel Railways
Holon Junction,32.037040,34.776415,node/3978658307,Israel Railways
Hutzot Hamifratz,32.809401,35.054417,node/2930618412,Israel Railways
Jerusalem - Yitzhak Navon,31.788154,35.203000,node/7144868421,Israel Railways
Karmiel,32.923917,35.297136,node/2942466195,Israel Railways
Kfar Chabad,31.992896,34.853323,node/461613375,Israel Railways
Kfar Sava-Nordau (A.Kostyuk),32.167473,34.916798,node/3982780858,Israel Railways
Kiryat Gat,31.603149,34.777927,node/2930618427,Israel Railways
Kiryat Haim,32.824813,35.064274,node/2930618413,Israel Railways
Kiryat Mal'akhi - Yoav,31.746914,34.822507,node/4127965809,Israel Railways
Kiryat Motzkin,32.832957,35.069924,node/2930618414,Israel Railways
Lehavim Rahat,31.369818,34.798165,node/5188605493,Israel Railways
Lod,31.947643,34.878218,node/4590837774,Israel Railways
Lod - Gane Aviv,31.967028,34.878680,node/3982698630,Israel Railways
Mazkeret Batya,31.842142,34.856307,node/4127965810,Israel Railways
Migdal HaEmek – Kfar Baruch,32.647207,35.209454,node/4440447730,Israel Railways
Modi'in Center,31.901067,35.005752,node/2931455067,Israel Railways
Nahariya,33.004949,35.098829,node/5202426525,Israel Railways
Netanya,32.319954,34.869326,node/3703591031,Israel Railways
Netanya Sapir,32.279674,34.865508,node/4482054540,Israel Railways
Netivot,31.410749,34.571711,node/3982823163,Israel Railways
Ofakim,31.321510,34.634230,node/3988591607,Israel Railways
Pa'atai Modi'in,31.893120,34.960698,node/2931455068,Israel Railways
Petah Tikva Segula,32.111889,34.901032,node/2930682113,Israel Railways
Petah Tikva–Kiryat Aryeh,32.106326,34.862754,node/2930682112,Israel Railways
Ra'anana South,32.172654,34.886603,node/5705790741,Israel Railways
Ra'anana West,32.179983,34.850838,node/11264520000,Israel Railways
Ramla,31.929221,34.876728,node/4060304995,Israel Railways
Rechovot,31.909103,34.806908,node/3566973254,Israel Railways
Rishon LeTsiyyon - Moshe Dayan,31.987700,34.757285,node/2930618420,Israel Railways
Rishon LeTsiyyon HaRishonim,31.948854,34.803080,node/609582810,Israel Railways
Rosh Ha'Ayin-North,32.120636,34.934463,node/2930682115,Israel Railways
Sderot,31.515774,34.585427,node/4482230311,Israel Railways
Shomron – Tayyiba,32.276337,34.996602,node/13626956323,Israel Railways
Tel Aviv - HaHagana,32.054150,34.784802,node/3978658308,Israel Railways
Tel Aviv Hashalom,32.073559,34.793164,node/2930618403,Israel Railways
Tel Aviv Savidor Center,32.084244,34.798312,node/2930618402,Israel Railways
Tel Aviv University,32.103706,34.804610,node/2930618401,Israel Railways
Tira - Kokhav Ya'ir,32.229662,34.977013,node/13964778722,Israel Railways
Yavne - East,31.861336,34.743891,node/3086081414,Israel Railways
Yavne - West,31.891180,34.731222,node/2930618421,Israel Railways
Yokneam – Kfar Yehoshua,32.681041,35.125769,node/4440447731,Israel Railways
A-Sahal,31.811178,35.232793,node/1464782846,Jerusalem Light Rail
Ammunition Hill,31.799161,35.232061,node/891017311,Jerusalem Light Rail
Beit Hanina,31.819751,35.229074,node/1467060695,Jerusalem Light Rail
Betsal'el Bazak,31.766798,35.196542,node/14110228510,Jerusalem Light Rail
City Hall,31.779681,35.223858,node/1803044365,Jerusalem Light Rail
Damascus Gate,31.782483,35.227839,node/1405968969,Jerusalem Light Rail
Denya Square,31.780610,35.188318,node/891041025,Jerusalem Light Rail
Giv'at HaMivtar,31.805482,35.234274,node/1107348918,Jerusalem Light Rail
Giv'at Mordekhay,31.761222,35.199875,node/14110805877,Jerusalem Light Rail
Giv'at Ram,31.780759,35.197841,node/14110785641,Jerusalem Light Rail
Gonenim,31.752234,35.198912,node/14110759300,Jerusalem Light Rail
Government Complex,31.784838,35.200678,node/14110866504,Jerusalem Light Rail
Ha'Ayal,31.752869,35.188020,node/14110791431,Jerusalem Light Rail
HaDavidka,31.784567,35.215194,node/890816085,Jerusalem Light Rail
HaMifletset Playground,31.761991,35.171602,node/12629201403,Jerusalem Light Rail
HaTurim,31.787918,35.206782,node/890816122,Jerusalem Light Rail
Hadassah Ein Kerem,31.764716,35.147660,node/12629197350,Jerusalem Light Rail
HeHaluts,31.782791,35.191693,node/1467060666,Jerusalem Light Rail
Hebrew Park,31.772226,35.196095,node/14110785637,Jerusalem Light Rail
Hel Ha'Avir,31.828952,35.238403,node/1464782839,Jerusalem Light Rail
Henrietta Szold – East,31.759825,35.167907,node/10952058061,Jerusalem Light Rail
Jaffa – Center,31.782857,35.218358,node/890816082,Jerusalem Light Rail
Kiryat HaYovel – West,31.766954,35.174436,node/12629175601,Jerusalem Light Rail
Kiryat Menahem,31.760021,35.164132,node/12629201406,Jerusalem Light Rail
Kiryat Moshe,31.786227,35.198164,node/890816167,Jerusalem Light Rail
Mahane Yehuda,31.786009,35.211417,node/890816109,Jerusalem Light Rail
Malha Sports Complex,31.751946,35.192620,node/14110791430,Jerusalem Light Rail
Manahat (Malha),31.749311,35.185319,node/14106312634,Jerusalem Light Rail
Mazal Kashat,31.837281,35.234155,node/12629110575,Jerusalem Light Rail
Medical School,31.764169,35.151241,node/12629197348,Jerusalem Light Rail
Moshe Dayan – North,31.833442,35.234685,node/12629134304,Jerusalem Light Rail
Mount Herzl,31.770848,35.181573,node/890816223,Jerusalem Light Rail
Neve Ya'akov – North,31.840979,35.240224,node/12629134302,Jerusalem Light Rail
Ora Junction,31.757025,35.159988,node/12629197346,Jerusalem Light Rail
Pat Jct,31.756338,35.198128,node/14110823308,Jerusalem Light Rail
Pisgat Ze'ev – Center,31.823750,35.237624,node/1464782840,Jerusalem Light Rail
Safra University Campus,31.777247,35.195324,node/14110785639,Jerusalem Light Rail
Sayeret Dukhifat,31.826101,35.240221,node/1464782855,Jerusalem Light Rail
Shim'on HaTsadik,31.793043,35.226334,node/891711983,Jerusalem Light Rail
Shivtei Israel,31.786537,35.227126,node/890816042,Jerusalem Light Rail
Shmaryahu Levin,31.768753,35.177670,node/12629146699,Jerusalem Light Rail
Shu'afat,31.814352,35.229871,node/1464783365,Jerusalem Light Rail
Yefe Nof,31.776952,35.185004,node/890816220,Jerusalem Light Rail
Yekutiel Adam,31.819323,35.239303,node/1464782885,Jerusalem Light Rail
Yitzhak Tabenkin,31.838114,35.237394,node/12629110577,Jerusalem Light Rail
Congress Center,32.790444,34.965229,node/1803080475,Metronit
Einstein,32.813836,35.113919,node/5210715226,Metronit
Goshen,32.823945,35.079616,node/5210715272,Metronit
Grand Canyon,32.789141,35.008314,node/1803004883,Metronit
Ha'Asor,32.835791,35.084540,node/5210715268,Metronit
Ha'Atsma'ut,32.812862,35.104925,node/5210715274,Metronit
Ha'Etsel,32.812158,34.956506,node/1803070849,Metronit
HaPalmach,32.850904,35.077556,node/5210715219,Metronit
HaToren,32.829063,34.963327,node/1803086107,Metronit
Hallisa,32.802880,35.008876,node/1803016988,Metronit
Halutzei HaTa'asiya,32.815365,35.061577,node/5210715187,Metronit
Kiryat Ata,32.807268,35.117114,node/5210715230,Metronit
Kiryat Haim,32.817898,35.077838,node/5210715250,Metronit
Lin,32.824570,34.984253,node/1803062171,Metronit
Mota Gur,32.810649,35.069745,node/5210715246,Metronit
Neve David,32.805505,34.958083,node/1803050903,Metronit
Savyone Yam,32.858648,35.079759,node/5210715223,Metronit
Shprinzak,32.822364,34.956676,node/5210715235,Metronit
Talpiyot Market,32.807896,35.001390,node/1803021630,Metronit
Tsahal,32.843610,35.070451,node/5210715256,Metronit
Tsur Shalom,32.855367,35.094095,node/5210715263,Metronit
Zevulun,32.845704,35.090891,node/5210715275,Metronit
Aba Hilel Station,32.082853,34.802364,way/382072592,Tel Aviv Light Rail
Aharonovich,32.092677,34.838133,way/397916864,Tel Aviv Light Rail
Allenby,32.062705,34.774880,node/11124763767,Tel Aviv Light Rail
Arlozoroff,32.081565,34.796508,node/11124786622,Tel Aviv Light Rail
Balfour,32.017459,34.744727,node/11125350025,Tel Aviv Light Rail
Beilinson,32.091457,34.866750,node/11124762412,Tel Aviv Light Rail
Ben Gurion,32.090939,34.823398,node/11133775515,Tel Aviv Light Rail
Bialik,32.086774,34.812049,node/11124798243,Tel Aviv Light Rail
Binyamin,32.016413,34.748336,node/11125350024,Tel Aviv Light Rail
Bloomfield Stadium,32.050258,34.758952,node/11132682253,Tel Aviv Light Rail
Carlebach,32.065588,34.783100,way/365341966,Tel Aviv Light Rail
Dankner,32.090954,34.872384,node/11124725529,Tel Aviv Light Rail
Ehrlich,32.046069,34.758365,node/11125454976,Tel Aviv Light Rail
Elifelet,32.058341,34.762770,node/11133645848,Tel Aviv Light Rail
Em HaMoshavot Bridge,32.098879,34.846268,node/11125457547,Tel Aviv Light Rail
HaAtzma'ut,32.028165,34.748973,node/11125454962,Tel Aviv Light Rail
HaBesht,32.038722,34.755837,node/11125454970,Tel Aviv Light Rail
HaKomemiyut,32.002259,34.746752,node/11125350010,Tel Aviv Light Rail
HeAmal,32.005874,34.748987,node/11125350011,Tel Aviv Light Rail
Isakov,32.042144,34.757077,node/11125454973,Tel Aviv Light Rail
Jabotinsky,32.021706,34.743220,node/11133645857,Tel Aviv Light Rail
Kaf Tet BeNovember,32.010832,34.751488,node/11125350016,Tel Aviv Light Rail
Krol,32.091905,34.877512,node/11124762409,Tel Aviv Light Rail
Mahrozet,32.033575,34.751653,node/11125454967,Tel Aviv Light Rail
Petah Tikva CBS,32.094649,34.886393,node/11124762408,Tel Aviv Light Rail
Pinsker,32.093735,34.882124,node/11124762405,Tel Aviv Light Rail
Rothschild,32.026728,34.744466,node/11133645854,Tel Aviv Light Rail
Shaham,32.091941,34.861398,node/11124725530,Tel Aviv Light Rail
Shalma,32.054498,34.759521,node/11132682256,Tel Aviv Light Rail
Shaul HaMelech,32.076918,34.792155,node/11124793538,Tel Aviv Light Rail
Shenkar,32.092663,34.853305,node/11124725534,Tel Aviv Light Rail
Yehudit,32.070364,34.788606,node/11124781758,Tel Aviv Light Rail
Yoseftal,32.015390,34.752151,node/11125350021,Tel Aviv Light Rail
